-- member
insert into members (id, username, email, team, location, slack_id, reg_date) values ('1', '진보은', 'boeunjin@lguplus.co.kr', '클라우드아키텍처팀', '마곡사옥/8층', 'U03744CLY68', '2022-08-21');
insert into members (id, username, email, team, location, slack_id, reg_date) values ('2', '이찬규', 'changyulee@lguplus.co.kr', '클라우드아키텍처팀', '마곡사옥/8층', 'U037EG0NUSD','2022-08-22');
insert into members (id, username, email, team, location, slack_id, reg_date) values ('3', '이대영', 'deayounglee@lguplus.co.kr', '클라우드CoE팀', '마곡사옥/8층', 'U036XD8T4R2','2022-08-22');
insert into members (id, username, email, team, location, slack_id, reg_date) values ('4', '양지원', 'jiwonyang@lguplus.co.kr', '클라우드솔루션엔지니어링팀', '마곡사옥/8층', 'U03B9TEG9T8','2022-08-22');
insert into members (id, username, email, team, location, slack_id, reg_date) values ('5', '이지훈', 'jihoonlee@lguplus.co.kr', '클라우드플랫폼엔지니어링팀', '마곡사옥/8층', 'U03BJBUS8CV','2022-08-22');
insert into members (id, username, email, team, location, slack_id, reg_date) values ('6', '오혜영', 'eongoh@lguplus.co.kr', 'IPTV서비스개발1팀', '역삼 메가존', 'U037EG0PYN5','2022-08-22');
insert into members (id, username, email, team, location, slack_id, reg_date) values ('7', '한서영', 'syhan622@lguplus.co.kr', '서비스프로토타입팀', '마곡사옥/8층', 'U036NDVDGNA','2022-08-22');
insert into members (id, username, email, team, location, slack_id, reg_date) values ('8', '정산하', 'sanha9723@lguplus.co.kr', '서비스프로토타입팀', '마곡사옥/8층', 'U036NDVFN06','2022-08-22');
insert into members (id, username, email, team, location, slack_id, reg_date) values ('9', '송제호', 'oidwin@lguplus.co.kr', '클라우드플랫폼엔지니어링팀', '마곡사옥/8층', 'U0321PMKJEB','2022-08-22');
insert into members (id, username, email, team, location, slack_id, reg_date) values ('10', '김욱휘', 'etti10@lguplus.co.kr', 'IPTV서비스개발2팀', '역삼 메가존', 'U036T8VT49K','2022-08-22');
insert into members (id, username, email, team, location, slack_id, reg_date) values ('11', '현병욱', 'mornadina@lguplus.co.kr', 'IPTV서비스개발2팀', '역삼 메가존', 'U036VPHUVNE','2022-08-22');
insert into members (id, username, email, team, location, slack_id, reg_date) values ('12', '조정인', 'jojungin@lguplus.co.kr', '클라우드아키텍처팀', '마곡사옥/8층', 'U032VGJDPJ6','2022-08-22');

-- -- rental
-- insert into rentals (id, proposer_id, book_id, owner_id, start_date, end_date) values ('1','U03744CLY68', '1', 'U032VGJDPJ6', '2022-08-12', null);
-- insert into rentals (id, proposer_id, book_id, owner_id, start_date, end_date) values ('2','U037EG0NUSD', '2', 'U036VPHUVNE', '2022-08-12', null);
-- insert into rentals (id, proposer_id, book_id, owner_id, start_date, end_date) values ('3','U036XD8T4R2', '3', 'U036T8VT49K', '2022-08-12', null);
-- insert into rentals (id, proposer_id, book_id, owner_id, start_date, end_date) values ('4','U03B9TEG9T8', '4', 'U0321PMKJEB', '2022-08-12', null);
-- insert into rentals (id, proposer_id, book_id, owner_id, start_date, end_date) values ('5','U03BJBUS8CV', '5', 'U036NDVFN06', '2022-08-12', null);
-- insert into rentals (id, proposer_id, book_id, owner_id, start_date, end_date) values ('6','U037EG0PYN5', '6', 'U036NDVDGNA', '2022-08-12', null);
-- insert into rentals (id, proposer_id, book_id, owner_id, start_date, end_date) values ('7','U036NDVDGNA', '7', 'U037EG0PYN5', '2022-08-12', null);
-- insert into rentals (id, proposer_id, book_id, owner_id, start_date, end_date) values ('8','U036NDVFN06', '8', 'U03BJBUS8CV', '2022-08-12', null);
-- insert into rentals (id, proposer_id, book_id, owner_id, start_date, end_date) values ('9','U0321PMKJEB', '9', 'U03B9TEG9T8', '2022-08-12', null);
-- insert into rentals (id, proposer_id, book_id, owner_id, start_date, end_date) values ('10','U036T8VT49K', '10', 'U036XD8T4R2', '2022-08-12', null);
-- insert into rentals (id, proposer_id, book_id, owner_id, start_date, end_date) values ('11','U036VPHUVNE', '11', 'U037EG0NUSD', '2022-08-12', null);
-- insert into rentals (id, proposer_id, book_id, owner_id, start_date, end_date) values ('12','U032VGJDPJ6', '12', 'U03744CLY68', '2022-08-12', null);

-- book
insert into books (id, title, thumbnail_url, author, publisher, owner_id, is_rented, rent_count, reg_date) values ('1', 'Python for DevOps', 'http://books.google.com/books/content?id=qGaixgEACAAJ&printsec=frontcover&img=1&zoom=1&imgtk=AFLRE72wgGP0fn2OF6PIZ_i19yAnBVwY9qng5VgjNzSoLUgpVjWKNQFnEE7dvzU0-0vbefa3LVL4HhhedTFeNDxiMdwurxagzl9qZn5CKItIZBVSQk1fK_5V_Rg9CuwOlLmCXcU1saEz&source=gbs_api', 'Noah Gift', 'O''Reilly Media', 'U03744CLY68', True, 1, '2022-08-12');
insert into books (id, title, thumbnail_url, author, publisher, owner_id, is_rented, rent_count, reg_date) values ('2', 'Python for DevOps', 'http://books.google.com/books/content?id=qGaixgEACAAJ&printsec=frontcover&img=1&zoom=1&imgtk=AFLRE72wgGP0fn2OF6PIZ_i19yAnBVwY9qng5VgjNzSoLUgpVjWKNQFnEE7dvzU0-0vbefa3LVL4HhhedTFeNDxiMdwurxagzl9qZn5CKItIZBVSQk1fK_5V_Rg9CuwOlLmCXcU1saEz&source=gbs_api', 'Noah Gift', 'O''Reilly Media', 'U037EG0NUSD', False, 2, '2022-08-12');
insert into books (id, title, thumbnail_url, author, publisher, owner_id, is_rented, rent_count, reg_date) values ('3', 'Python for DevOps', 'http://books.google.com/books/content?id=qGaixgEACAAJ&printsec=frontcover&img=1&zoom=1&imgtk=AFLRE72wgGP0fn2OF6PIZ_i19yAnBVwY9qng5VgjNzSoLUgpVjWKNQFnEE7dvzU0-0vbefa3LVL4HhhedTFeNDxiMdwurxagzl9qZn5CKItIZBVSQk1fK_5V_Rg9CuwOlLmCXcU1saEz&source=gbs_api', 'Noah Gift', 'O''Reilly Media', 'U036XD8T4R2', True, 3, '2022-08-12');
insert into books (id, title, thumbnail_url, author, publisher, owner_id, is_rented, rent_count, reg_date) values ('4', 'Do it! BERT와 GPT로 배우는 자연어 처리', 'http://books.google.com/books/publisher/content?id=1W9UEAAAQBAJ&printsec=frontcover&img=1&zoom=1&edge=curl&imgtk=AFLRE70RD75ensoBM9rDusxszvPXY1N-24qrwlMn0rf2MWDMKmsO7z5Q9qMk3qhxMfLRA6btTNR2WV8Ube1MyMzEmymUvuiHtlAcGz5slwQl_pyc1gdjM86zhrGnJLi5N4iXfeFtxdI0&source=gbs_api', '이기창', '이지스퍼블리싱 ㈜', 'U03B9TEG9T8', False, 4, '2022-08-12');
insert into books (id, title, thumbnail_url, author, publisher, owner_id, is_rented, rent_count, reg_date) values ('5', '생활코딩! 리액트 프로그래밍', 'http://books.google.com/books/publisher/content?id=Lw1sEAAAQBAJ&printsec=frontcover&img=1&zoom=1&edge=curl&imgtk=AFLRE71Uhq1Ub6HIBhiW9m3UjUvLVHxJwS0fz4JlqfJYn8vUssDTi9DVitPf2xO9N3G27Yv-NZ2lQzcxm20HI-XUGlS9WeluLYSHW1hg0FAaBmU60gnVMXdIW2rC2YVOTNsAtpX33jgz&source=gbs_api', '이고잉', '위키북스', 'U03BJBUS8CV', True, 5, '2022-08-12');
insert into books (id, title, thumbnail_url, author, publisher, owner_id, is_rented, rent_count, reg_date) values ('6', 'AWS Lambda로 시작하는 서버리스(서버리스 아키텍처 입문을 위한)', null, '김민준', '비제이퍼블릭', 'U037EG0PYN5', False, 5, '2022-08-12');
insert into books (id, title, thumbnail_url, author, publisher, owner_id, is_rented, rent_count, reg_date) values ('7', 'AWS Lambda로 시작하는 서버리스(서버리스 아키텍처 입문을 위한)', null, '김민준', '비제이퍼블릭', 'U036NDVDGNA', True, 6, '2022-08-12');
insert into books (id, title, thumbnail_url, author, publisher, owner_id, is_rented, rent_count, reg_date) values ('95', 'AWS Lambda로 시작하는 서버리스(서버리스 아키텍처 입문을 위한)', null, '김민준', '비제이퍼블릭', 'U036NDVFN06', False, 7, '2022-08-12');
insert into books (id, title, thumbnail_url, author, publisher, owner_id, is_rented, rent_count, reg_date) values ('8', 'Hands-On Machine Learning with Scikit-Learn, Keras, and TensorFlow', 'http://books.google.com/books/publisher/content?id=HnetDwAAQBAJ&printsec=frontcover&img=1&zoom=1&edge=curl&imgtk=AFLRE72LBuN8IIYIvUKqmCcawyr--RlP00bEvIR7Bds5bbOGnL0Vhahm8YrFYudxA9Xaj8pJ5lep74KRNYgS-kaBMi7GoeyIfVDuqJfY0ChZpYlHlAX3yh25cQZHcc9-jmhTGA9dFbOX&source=gbs_api', 'Aurélien Géron', 'O''Reilly Media, Inc.', 'U0321PMKJEB', True, 8, '2022-08-12');
insert into books (id, title, thumbnail_url, author, publisher, owner_id, is_rented, rent_count, reg_date) values ('9', '테라폼 업앤러닝', null, '예브게니브릭만', '루비페이퍼', 'U036T8VT49K', False, 9, '2022-08-12');
insert into books (id, title, thumbnail_url, author, publisher, owner_id, is_rented, rent_count, reg_date) values ('10', 'Practical AI on the Google Cloud Platform', 'http://books.google.com/books/content?id=nP5VzQEACAAJ&printsec=frontcover&img=1&zoom=1&imgtk=AFLRE72uLejPogFyb2vO1VTYzdrOdyMeVoAFBz5o2q4qsiHhZB-hpoPckkdGsqlWm8HAzHCvV-fe4iWAJtLSayAslnTOm4bLjPaXf_ybpeoE8Ql_R0vm7fyn9D1E5mgh7ChAx9VJAiyh&source=gbs_api', 'Micheal Lanham', 'O''Reilly Media, Incorporated', 'U036VPHUVNE', True, 10, '2022-08-12');
insert into books (id, title, thumbnail_url, author, publisher, owner_id, is_rented, rent_count, reg_date) values ('11', '파이토치로 배우는 자연어 처리', null, '델립라오', '한빛미디어', 'U032VGJDPJ6', False, 1, '2022-08-12');
insert into books (id, title, thumbnail_url, author, publisher, owner_id, is_rented, rent_count, reg_date) values ('12', 'AWS Lambda로 시작하는 서버리스(서버리스 아키텍처 입문을 위한)', null, '김민준', '비제이퍼블릭', 'U03744CLY68', True, 2, '2022-08-12');
insert into books (id, title, thumbnail_url, author, publisher, owner_id, is_rented, rent_count, reg_date) values ('13', '파이썬으로 만드는 서버리스 애플리케이션', null, '잘렘라지로히트', '에이콘출판', 'U037EG0NUSD', False, 3, '2022-08-12');
insert into books (id, title, thumbnail_url, author, publisher, owner_id, is_rented, rent_count, reg_date) values ('14', 'SQL로 시작하는 데이터 분석', 'http://books.google.com/books/publisher/content?id=NXmAEAAAQBAJ&printsec=frontcover&img=1&zoom=1&edge=curl&imgtk=AFLRE70IMlgJx-Mln5rFYvZTm6DrATVB5YjKe95idWn7vtc3qHTI4hsZy3uYYDxN1KY6YyVlH7M8nz2WKKzihViee0qCuEkVmz-IqRHMTO6X2URFkFqNjI1L8UT_oL_WbQ868C7K7r3j&source=gbs_api', '캐시 타니무라', '한빛미디어', 'U036XD8T4R2', True, 4, '2022-08-12');
insert into books (id, title, thumbnail_url, author, publisher, owner_id, is_rented, rent_count, reg_date) values ('15', '고객을 끌어오는 구글 애널리틱스4', 'http://books.google.com/books/publisher/content?id=bnRkEAAAQBAJ&printsec=frontcover&img=1&zoom=1&edge=curl&imgtk=AFLRE727EdO_oIBgYZdR7PXMBj2o67j1e0LkQAxF29PBafFzxFUeYnnj4wUdA5ipXnKRFzvHFtL4kXMCNA0KvZlwwznSGebfDFQBzgcAxQ2AjPGl5sLbLwZwZiOYGsHUt1Jtlmjys8Km&source=gbs_api', '문준영', '한빛미디어', 'U03B9TEG9T8', False, 5, '2022-08-12');
insert into books (id, title, thumbnail_url, author, publisher, owner_id, is_rented, rent_count, reg_date) values ('16', 'Terraform: Up & Running', 'http://books.google.com/books/publisher/content?id=57ytDwAAQBAJ&printsec=frontcover&img=1&zoom=1&edge=curl&imgtk=AFLRE71MUHK5GDk-580HQbqX03TYWfhm8llElThOQNMzany3TBk_haL24-A9SZqHeTxZsGFCUtNcQyqfy3YO4WhCH_mqpOcyGhGEoN36BvXWmYdGE7gnr7MvetD6rKaFEZ6Z5jUXe5xA&source=gbs_api', 'Yevgeniy Brikman', 'O''Reilly Media, Inc.', 'U03BJBUS8CV', True, 6, '2022-08-12');
insert into books (id, title, thumbnail_url, author, publisher, owner_id, is_rented, rent_count, reg_date) values ('17', 'Terraform: Up & Running', 'http://books.google.com/books/publisher/content?id=57ytDwAAQBAJ&printsec=frontcover&img=1&zoom=1&edge=curl&imgtk=AFLRE71MUHK5GDk-580HQbqX03TYWfhm8llElThOQNMzany3TBk_haL24-A9SZqHeTxZsGFCUtNcQyqfy3YO4WhCH_mqpOcyGhGEoN36BvXWmYdGE7gnr7MvetD6rKaFEZ6Z5jUXe5xA&source=gbs_api', 'Yevgeniy Brikman', 'O''Reilly Media, Inc.', 'U037EG0PYN5', False, 7, '2022-08-12');
insert into books (id, title, thumbnail_url, author, publisher, owner_id, is_rented, rent_count, reg_date) values ('18', 'Terraform: Up & Running', 'http://books.google.com/books/publisher/content?id=57ytDwAAQBAJ&printsec=frontcover&img=1&zoom=1&edge=curl&imgtk=AFLRE71MUHK5GDk-580HQbqX03TYWfhm8llElThOQNMzany3TBk_haL24-A9SZqHeTxZsGFCUtNcQyqfy3YO4WhCH_mqpOcyGhGEoN36BvXWmYdGE7gnr7MvetD6rKaFEZ6Z5jUXe5xA&source=gbs_api', 'Yevgeniy Brikman', 'O''Reilly Media, Inc.', 'U036NDVDGNA', True, 8, '2022-08-12');
insert into books (id, title, thumbnail_url, author, publisher, owner_id, is_rented, rent_count, reg_date) values ('19', 'Terraform in Action', 'http://books.google.com/books/publisher/content?id=s4UxEAAAQBAJ&printsec=frontcover&img=1&zoom=1&edge=curl&imgtk=AFLRE71u91s17bacLQqtYzG7T8VKfTmod-gSjFesfWTzb8EZH2pYEuSh4fXW7PEMdaBPigIZtUdkgKI0_z8blY04L66mBteKYwKaqpzeXM6vQxMza5SsujrNm2cGrzDdqHyC0icbfRpw&source=gbs_api', 'Scott Winkler', 'Simon and Schuster', 'U036NDVFN06', False, 9, '2022-08-12');
insert into books (id, title, thumbnail_url, author, publisher, owner_id, is_rented, rent_count, reg_date) values ('20', 'Terraform in Action', 'http://books.google.com/books/publisher/content?id=s4UxEAAAQBAJ&printsec=frontcover&img=1&zoom=1&edge=curl&imgtk=AFLRE71u91s17bacLQqtYzG7T8VKfTmod-gSjFesfWTzb8EZH2pYEuSh4fXW7PEMdaBPigIZtUdkgKI0_z8blY04L66mBteKYwKaqpzeXM6vQxMza5SsujrNm2cGrzDdqHyC0icbfRpw&source=gbs_api', 'Scott Winkler', 'Simon and Schuster', 'U0321PMKJEB', True, 10, '2022-08-12');
insert into books (id, title, thumbnail_url, author, publisher, owner_id, is_rented, rent_count, reg_date) values ('96', 'Terraform in Action', 'http://books.google.com/books/publisher/content?id=s4UxEAAAQBAJ&printsec=frontcover&img=1&zoom=1&edge=curl&imgtk=AFLRE71u91s17bacLQqtYzG7T8VKfTmod-gSjFesfWTzb8EZH2pYEuSh4fXW7PEMdaBPigIZtUdkgKI0_z8blY04L66mBteKYwKaqpzeXM6vQxMza5SsujrNm2cGrzDdqHyC0icbfRpw&source=gbs_api', 'Scott Winkler', 'Simon and Schuster', 'U036T8VT49K', False, 1, '2022-08-12');
insert into books (id, title, thumbnail_url, author, publisher, owner_id, is_rented, rent_count, reg_date) values ('97', 'Terraform in Action', 'http://books.google.com/books/publisher/content?id=s4UxEAAAQBAJ&printsec=frontcover&img=1&zoom=1&edge=curl&imgtk=AFLRE71u91s17bacLQqtYzG7T8VKfTmod-gSjFesfWTzb8EZH2pYEuSh4fXW7PEMdaBPigIZtUdkgKI0_z8blY04L66mBteKYwKaqpzeXM6vQxMza5SsujrNm2cGrzDdqHyC0icbfRpw&source=gbs_api', 'Scott Winkler', 'Simon and Schuster', 'U036VPHUVNE', True, 2, '2022-08-12');
insert into books (id, title, thumbnail_url, author, publisher, owner_id, is_rented, rent_count, reg_date) values ('21', 'The Terraform Book', 'http://books.google.com/books/publisher/content?id=jGKXDQAAQBAJ&printsec=frontcover&img=1&zoom=1&edge=curl&imgtk=AFLRE732OE6nPjxfwqENIFn_7s7Z56VUOUpHhYc-CAlxJG15558h8Q8RBRU6Ei_3lq0dfTksdtErezs6tWvwT7sRCnnCTOuhzuVO8wwbIzOUcFxh5gLAhQlpYLyHhvtiEw6caKyJU1HZ&source=gbs_api', 'James Turnbull', 'James Turnbull', 'U032VGJDPJ6', False, 3, '2022-08-12');
insert into books (id, title, thumbnail_url, author, publisher, owner_id, is_rented, rent_count, reg_date) values ('22', 'The Terraform Book', 'http://books.google.com/books/publisher/content?id=jGKXDQAAQBAJ&printsec=frontcover&img=1&zoom=1&edge=curl&imgtk=AFLRE732OE6nPjxfwqENIFn_7s7Z56VUOUpHhYc-CAlxJG15558h8Q8RBRU6Ei_3lq0dfTksdtErezs6tWvwT7sRCnnCTOuhzuVO8wwbIzOUcFxh5gLAhQlpYLyHhvtiEw6caKyJU1HZ&source=gbs_api', 'James Turnbull', 'James Turnbull', 'U03744CLY68', True, 4, '2022-08-12');
insert into books (id, title, thumbnail_url, author, publisher, owner_id, is_rented, rent_count, reg_date) values ('98', 'The Terraform Book', 'http://books.google.com/books/publisher/content?id=jGKXDQAAQBAJ&printsec=frontcover&img=1&zoom=1&edge=curl&imgtk=AFLRE732OE6nPjxfwqENIFn_7s7Z56VUOUpHhYc-CAlxJG15558h8Q8RBRU6Ei_3lq0dfTksdtErezs6tWvwT7sRCnnCTOuhzuVO8wwbIzOUcFxh5gLAhQlpYLyHhvtiEw6caKyJU1HZ&source=gbs_api', 'James Turnbull', 'James Turnbull', 'U037EG0NUSD', False, 5, '2022-08-12');
insert into books (id, title, thumbnail_url, author, publisher, owner_id, is_rented, rent_count, reg_date) values ('23', 'Terraform Cookbook', 'http://books.google.com/books/publisher/content?id=SJD-DwAAQBAJ&printsec=frontcover&img=1&zoom=1&edge=curl&imgtk=AFLRE71MEq-AjQ4i4t75nFYDAvSnup5e-OMi8DaOwMWJ7tMacqF7PdT4WYBKPXtPfwXqjBTmrbzamK6WsAotuk_2t9vO4ABBuzojXIU-b4-czNmdrr_brh6Hgoveo7Of1nuehMBfEpc8&source=gbs_api', 'Mikael Krief', 'Packt Publishing Ltd', 'U036XD8T4R2', True, 6, '2022-08-12');
insert into books (id, title, thumbnail_url, author, publisher, owner_id, is_rented, rent_count, reg_date) values ('24', 'Terraform Cookbook', 'http://books.google.com/books/publisher/content?id=SJD-DwAAQBAJ&printsec=frontcover&img=1&zoom=1&edge=curl&imgtk=AFLRE71MEq-AjQ4i4t75nFYDAvSnup5e-OMi8DaOwMWJ7tMacqF7PdT4WYBKPXtPfwXqjBTmrbzamK6WsAotuk_2t9vO4ABBuzojXIU-b4-czNmdrr_brh6Hgoveo7Of1nuehMBfEpc8&source=gbs_api', 'Mikael Krief', 'Packt Publishing Ltd', 'U03B9TEG9T8', False, 7, '2022-08-12');
insert into books (id, title, thumbnail_url, author, publisher, owner_id, is_rented, rent_count, reg_date) values ('99', 'Terraform Cookbook', 'http://books.google.com/books/publisher/content?id=SJD-DwAAQBAJ&printsec=frontcover&img=1&zoom=1&edge=curl&imgtk=AFLRE71MEq-AjQ4i4t75nFYDAvSnup5e-OMi8DaOwMWJ7tMacqF7PdT4WYBKPXtPfwXqjBTmrbzamK6WsAotuk_2t9vO4ABBuzojXIU-b4-czNmdrr_brh6Hgoveo7Of1nuehMBfEpc8&source=gbs_api', 'Mikael Krief', 'Packt Publishing Ltd', 'U03BJBUS8CV', True, 8, '2022-08-12');
insert into books (id, title, thumbnail_url, author, publisher, owner_id, is_rented, rent_count, reg_date) values ('25', 'HashiCorp Infrastructure Automation Certification Guide', 'http://books.google.com/books/publisher/content?id=VQM5EAAAQBAJ&printsec=frontcover&img=1&zoom=1&edge=curl&imgtk=AFLRE73bMxo__qyrVzI3EegAMdBI9VjSnS45o3W70_E2R7gdq5l_C5aGrVeK3jRFGenTTGt6QmeW60eaDFwfgcbZouUBdY5oLjSYb1qOlDENQlYfz1oQ3TjCnQqxQY3ZLQSlV2kLev_7&source=gbs_api', 'Ravi Mishra', 'Packt Publishing Ltd', 'U037EG0PYN5', False, 9, '2022-08-12');
insert into books (id, title, thumbnail_url, author, publisher, owner_id, is_rented, rent_count, reg_date) values ('26', 'Microservices: Up and Running', 'http://books.google.com/books/publisher/content?id=GD0LEAAAQBAJ&printsec=frontcover&img=1&zoom=1&edge=curl&imgtk=AFLRE72w3cPTlPAllC-NYy-8_g-JKCdVI8dntxVGbON9Qk61wS68X5ujHmn4ef_yDIOhSVUaPFvOAHH1kbA4ntESL8vVtWwBDN1LingAeeNz-NFNhjB6V1venwDjKLBMtL924eugsQmM&source=gbs_api', 'Ronnie Mitra', 'O''Reilly Media, Inc.', 'U036NDVDGNA', True, 10, '2022-08-12');
insert into books (id, title, thumbnail_url, author, publisher, owner_id, is_rented, rent_count, reg_date) values ('27', '배워서 바로 쓰는 14가지 AWS 구축 패턴', 'http://books.google.com/books/publisher/content?id=i2vXDwAAQBAJ&printsec=frontcover&img=1&zoom=1&edge=curl&imgtk=AFLRE709Iv3mr-GVXp69sJgyiRg3mRTD-TaBaBNLsmabCMkoH5ct9kOGczATs6CHBGL6bo0rj5N1vOnz3EiVrVTA5COTaOpitLtKtfA_Uux6g1UX6q7gCu5BAjO3jRxoaUc-hdi31qJh&source=gbs_api', '가와카미 아키히사', '한빛미디어', 'U036NDVFN06', False, 1, '2022-08-12');
insert into books (id, title, thumbnail_url, author, publisher, owner_id, is_rented, rent_count, reg_date) values ('28', '배워서 바로 쓰는 14가지 AWS 구축 패턴', 'http://books.google.com/books/publisher/content?id=i2vXDwAAQBAJ&printsec=frontcover&img=1&zoom=1&edge=curl&imgtk=AFLRE709Iv3mr-GVXp69sJgyiRg3mRTD-TaBaBNLsmabCMkoH5ct9kOGczATs6CHBGL6bo0rj5N1vOnz3EiVrVTA5COTaOpitLtKtfA_Uux6g1UX6q7gCu5BAjO3jRxoaUc-hdi31qJh&source=gbs_api', '가와카미 아키히사', '한빛미디어', 'U0321PMKJEB', True, 2, '2022-08-12');
insert into books (id, title, thumbnail_url, author, publisher, owner_id, is_rented, rent_count, reg_date) values ('0', '배워서 바로 쓰는 14가지 AWS 구축 패턴', 'http://books.google.com/books/publisher/content?id=i2vXDwAAQBAJ&printsec=frontcover&img=1&zoom=1&edge=curl&imgtk=AFLRE709Iv3mr-GVXp69sJgyiRg3mRTD-TaBaBNLsmabCMkoH5ct9kOGczATs6CHBGL6bo0rj5N1vOnz3EiVrVTA5COTaOpitLtKtfA_Uux6g1UX6q7gCu5BAjO3jRxoaUc-hdi31qJh&source=gbs_api', '가와카미 아키히사', '한빛미디어', 'U036T8VT49K', False, 3, '2022-08-12');
insert into books (id, title, thumbnail_url, author, publisher, owner_id, is_rented, rent_count, reg_date) values ('29', '실전 AWS 워크북', 'http://books.google.com/books/publisher/content?id=v34zDwAAQBAJ&printsec=frontcover&img=1&zoom=1&edge=curl&imgtk=AFLRE73YAxwkZbjIoqmKzgLwJns5xSumlMdayazJUVlKm4fQ8fLfD3oRR1vQQWipinJOPBGl58ZqISFTj9wAQTA8KKXtx6CkY1BBA60SNZv7d4nWR_tGsmtyfB2jGdY15dHTVGOTaDhU&source=gbs_api', '가와카미 아키히사', '한빛미디어', 'U036VPHUVNE', True, 4, '2022-08-12');
insert into books (id, title, thumbnail_url, author, publisher, owner_id, is_rented, rent_count, reg_date) values ('30', '실전 AWS 워크북', 'http://books.google.com/books/publisher/content?id=v34zDwAAQBAJ&printsec=frontcover&img=1&zoom=1&edge=curl&imgtk=AFLRE73YAxwkZbjIoqmKzgLwJns5xSumlMdayazJUVlKm4fQ8fLfD3oRR1vQQWipinJOPBGl58ZqISFTj9wAQTA8KKXtx6CkY1BBA60SNZv7d4nWR_tGsmtyfB2jGdY15dHTVGOTaDhU&source=gbs_api', '가와카미 아키히사', '한빛미디어', 'U032VGJDPJ6', False, 5, '2022-08-12');
insert into books (id, title, thumbnail_url, author, publisher, owner_id, is_rented, rent_count, reg_date) values ('31', '실전 AWS 워크북', 'http://books.google.com/books/publisher/content?id=v34zDwAAQBAJ&printsec=frontcover&img=1&zoom=1&edge=curl&imgtk=AFLRE73YAxwkZbjIoqmKzgLwJns5xSumlMdayazJUVlKm4fQ8fLfD3oRR1vQQWipinJOPBGl58ZqISFTj9wAQTA8KKXtx6CkY1BBA60SNZv7d4nWR_tGsmtyfB2jGdY15dHTVGOTaDhU&source=gbs_api', '가와카미 아키히사', '한빛미디어', 'U03744CLY68', True, 6, '2022-08-12');
insert into books (id, title, thumbnail_url, author, publisher, owner_id, is_rented, rent_count, reg_date) values ('32', '아마존 웹 서비스 인 액션', 'https://s3-dev-uplus-bookhub-0001.s3.ap-northeast-2.amazonaws.com/DefaultImage/main_logo.svg', '안드레아스비티히', '한빛미디어', 'U037EG0NUSD', False, 7, '2022-08-12');
insert into books (id, title, thumbnail_url, author, publisher, owner_id, is_rented, rent_count, reg_date) values ('33', '아마존 웹 서비스 인 액션', 'https://s3-dev-uplus-bookhub-0001.s3.ap-northeast-2.amazonaws.com/DefaultImage/main_logo.svg', '안드레아스비티히', '한빛미디어', 'U036XD8T4R2', True, 8, '2022-08-12');
insert into books (id, title, thumbnail_url, author, publisher, owner_id, is_rented, rent_count, reg_date) values ('34', '아마존 웹 서비스 인 액션', 'https://s3-dev-uplus-bookhub-0001.s3.ap-northeast-2.amazonaws.com/DefaultImage/main_logo.svg', '안드레아스비티히', '한빛미디어', 'U03B9TEG9T8', False, 9, '2022-08-12');
insert into books (id, title, thumbnail_url, author, publisher, owner_id, is_rented, rent_count, reg_date) values ('35', '아마존 웹 서비스 인 액션', 'https://s3-dev-uplus-bookhub-0001.s3.ap-northeast-2.amazonaws.com/DefaultImage/main_logo.svg', '안드레아스비티히', '한빛미디어', 'U03BJBUS8CV', True, 10, '2022-08-12');
insert into books (id, title, thumbnail_url, author, publisher, owner_id, is_rented, rent_count, reg_date) values ('36', '생활코딩! 아마존 웹 서비스', 'http://books.google.com/books/publisher/content?id=JTlwEAAAQBAJ&printsec=frontcover&img=1&zoom=1&imgtk=AFLRE70k34P3GLOyBePwO_Dzq9e0iDBS_xpn1Zf_YVp7ideiUB0n-_W8SiM3hCVL_P7-XzzDaYMEn94y8DVbYOUmfJtWGvDDJxzeon4VjO805QCLpp22k0nB_52P5hbFAKZ_dMl5qpJU&source=gbs_api', '이고잉', '위키북스', 'U037EG0PYN5', False, 1, '2022-08-12');
insert into books (id, title, thumbnail_url, author, publisher, owner_id, is_rented, rent_count, reg_date) values ('37', '생활코딩! 아마존 웹 서비스', 'http://books.google.com/books/publisher/content?id=JTlwEAAAQBAJ&printsec=frontcover&img=1&zoom=1&imgtk=AFLRE70k34P3GLOyBePwO_Dzq9e0iDBS_xpn1Zf_YVp7ideiUB0n-_W8SiM3hCVL_P7-XzzDaYMEn94y8DVbYOUmfJtWGvDDJxzeon4VjO805QCLpp22k0nB_52P5hbFAKZ_dMl5qpJU&source=gbs_api', '이고잉', '위키북스', 'U036NDVDGNA', True, 2, '2022-08-12');
insert into books (id, title, thumbnail_url, author, publisher, owner_id, is_rented, rent_count, reg_date) values ('38', '생활코딩! 아마존 웹 서비스', 'http://books.google.com/books/publisher/content?id=JTlwEAAAQBAJ&printsec=frontcover&img=1&zoom=1&imgtk=AFLRE70k34P3GLOyBePwO_Dzq9e0iDBS_xpn1Zf_YVp7ideiUB0n-_W8SiM3hCVL_P7-XzzDaYMEn94y8DVbYOUmfJtWGvDDJxzeon4VjO805QCLpp22k0nB_52P5hbFAKZ_dMl5qpJU&source=gbs_api', '이고잉', '위키북스', 'U036NDVFN06', False, 3, '2022-08-12');
insert into books (id, title, thumbnail_url, author, publisher, owner_id, is_rented, rent_count, reg_date) values ('39', 'AWS 비용 최적화 바이블', 'http://books.google.com/books/publisher/content?id=RaGBEAAAQBAJ&printsec=frontcover&img=1&zoom=1&edge=curl&imgtk=AFLRE70FgM0b8xZRj4RTB2OVSgzTMdpMsmIT3CNfqUKUT31YOkc1QNt_WSl-2zpHTkxOaZoEdEBHoW5XhCluQ4G8OHIibkyoY48dbs8NRsLHuafoQ1gqFWw0IDebmjS8laKy3rhiHFBq&source=gbs_api', '엘리 만수르', '한빛미디어', 'U0321PMKJEB', True, 4, '2022-08-12');
insert into books (id, title, thumbnail_url, author, publisher, owner_id, is_rented, rent_count, reg_date) values ('40', 'AWS 비용 최적화 바이블', 'http://books.google.com/books/publisher/content?id=RaGBEAAAQBAJ&printsec=frontcover&img=1&zoom=1&edge=curl&imgtk=AFLRE70FgM0b8xZRj4RTB2OVSgzTMdpMsmIT3CNfqUKUT31YOkc1QNt_WSl-2zpHTkxOaZoEdEBHoW5XhCluQ4G8OHIibkyoY48dbs8NRsLHuafoQ1gqFWw0IDebmjS8laKy3rhiHFBq&source=gbs_api', '엘리 만수르', '한빛미디어', 'U036T8VT49K', False, 5, '2022-08-12');
insert into books (id, title, thumbnail_url, author, publisher, owner_id, is_rented, rent_count, reg_date) values ('41', 'AWS 비용 최적화 바이블', 'http://books.google.com/books/publisher/content?id=RaGBEAAAQBAJ&printsec=frontcover&img=1&zoom=1&edge=curl&imgtk=AFLRE70FgM0b8xZRj4RTB2OVSgzTMdpMsmIT3CNfqUKUT31YOkc1QNt_WSl-2zpHTkxOaZoEdEBHoW5XhCluQ4G8OHIibkyoY48dbs8NRsLHuafoQ1gqFWw0IDebmjS8laKy3rhiHFBq&source=gbs_api', '엘리 만수르', '한빛미디어', 'U036VPHUVNE', True, 6, '2022-08-12');
insert into books (id, title, thumbnail_url, author, publisher, owner_id, is_rented, rent_count, reg_date) values ('42', 'AWS 비용 최적화 바이블', 'http://books.google.com/books/publisher/content?id=RaGBEAAAQBAJ&printsec=frontcover&img=1&zoom=1&edge=curl&imgtk=AFLRE70FgM0b8xZRj4RTB2OVSgzTMdpMsmIT3CNfqUKUT31YOkc1QNt_WSl-2zpHTkxOaZoEdEBHoW5XhCluQ4G8OHIibkyoY48dbs8NRsLHuafoQ1gqFWw0IDebmjS8laKy3rhiHFBq&source=gbs_api', '엘리 만수르', '한빛미디어', 'U032VGJDPJ6', False, 7, '2022-08-12');
insert into books (id, title, thumbnail_url, author, publisher, owner_id, is_rented, rent_count, reg_date) values ('43', '서비스 운영이 쉬워지는 AWS 인프라 구축 가이드(위키북스 클라우드 컴퓨팅 시리즈 4)', 'https://s3-dev-uplus-bookhub-0001.s3.ap-northeast-2.amazonaws.com/DefaultImage/main_logo.svg', '김담형', '위키북스', 'U03744CLY68', True, 8, '2022-08-12');
insert into books (id, title, thumbnail_url, author, publisher, owner_id, is_rented, rent_count, reg_date) values ('44', '서비스 운영이 쉬워지는 AWS 인프라 구축 가이드(위키북스 클라우드 컴퓨팅 시리즈 4)', 'https://s3-dev-uplus-bookhub-0001.s3.ap-northeast-2.amazonaws.com/DefaultImage/main_logo.svg', '김담형', '위키북스', 'U037EG0NUSD', False, 9, '2022-08-12');
insert into books (id, title, thumbnail_url, author, publisher, owner_id, is_rented, rent_count, reg_date) values ('45', '서비스 운영이 쉬워지는 AWS 인프라 구축 가이드(위키북스 클라우드 컴퓨팅 시리즈 4)', 'https://s3-dev-uplus-bookhub-0001.s3.ap-northeast-2.amazonaws.com/DefaultImage/main_logo.svg', '김담형', '위키북스', 'U036XD8T4R2', True, 10, '2022-08-12');
insert into books (id, title, thumbnail_url, author, publisher, owner_id, is_rented, rent_count, reg_date) values ('46', 'Full Stack Serverless', 'http://books.google.com/books/content?id=K6A7zQEACAAJ&printsec=frontcover&img=1&zoom=1&imgtk=AFLRE71vP0PxoHo-n4S4dXiHJB5Tuo3PicG_hrO9IoHi4IJewbU3DdFEOVQNbzFqPTTnLqK-wMmuSObj_FB1TDeysSr_9TiSTfLuXtuc3wx08QrF0hkeNCoSzTO-rXGq0Gmi5DbjyMvv&source=gbs_api', 'Nader Dabit', 'O''Reilly Media', 'U03B9TEG9T8', False, 1, '2022-08-12');
insert into books (id, title, thumbnail_url, author, publisher, owner_id, is_rented, rent_count, reg_date) values ('47', '아마존 웹 서비스를 다루는 기술', 'http://books.google.com/books/publisher/content?id=qIZvBQAAQBAJ&printsec=frontcover&img=1&zoom=1&edge=curl&imgtk=AFLRE71PHJyNIncvWaGw1g6CbhMK-vSuYYhMazAEjGZkipnpIGpye5_nruqrzwXqzRRtopYdCjl5idINVkgoTH7M9-B6BGQxgNGv3gQPtWydas-blae7Z3OGlRyJs2nRHaVQ6v2hc6kf&source=gbs_api', '이재홍', '(주)도서출판길벗', 'U03BJBUS8CV', True, 2, '2022-08-12');
insert into books (id, title, thumbnail_url, author, publisher, owner_id, is_rented, rent_count, reg_date) values ('48', '아마존 웹 서비스를 다루는 기술', 'http://books.google.com/books/publisher/content?id=qIZvBQAAQBAJ&printsec=frontcover&img=1&zoom=1&edge=curl&imgtk=AFLRE71PHJyNIncvWaGw1g6CbhMK-vSuYYhMazAEjGZkipnpIGpye5_nruqrzwXqzRRtopYdCjl5idINVkgoTH7M9-B6BGQxgNGv3gQPtWydas-blae7Z3OGlRyJs2nRHaVQ6v2hc6kf&source=gbs_api', '이재홍', '(주)도서출판길벗', 'U037EG0PYN5', False, 3, '2022-08-12');
insert into books (id, title, thumbnail_url, author, publisher, owner_id, is_rented, rent_count, reg_date) values ('49', '아마존 웹 서비스를 다루는 기술', 'http://books.google.com/books/publisher/content?id=qIZvBQAAQBAJ&printsec=frontcover&img=1&zoom=1&edge=curl&imgtk=AFLRE71PHJyNIncvWaGw1g6CbhMK-vSuYYhMazAEjGZkipnpIGpye5_nruqrzwXqzRRtopYdCjl5idINVkgoTH7M9-B6BGQxgNGv3gQPtWydas-blae7Z3OGlRyJs2nRHaVQ6v2hc6kf&source=gbs_api', '이재홍', '(주)도서출판길벗', 'U036NDVDGNA', True, 4, '2022-08-12');
insert into books (id, title, thumbnail_url, author, publisher, owner_id, is_rented, rent_count, reg_date) values ('50', '아마존 웹 서비스를 다루는 기술', 'http://books.google.com/books/publisher/content?id=qIZvBQAAQBAJ&printsec=frontcover&img=1&zoom=1&edge=curl&imgtk=AFLRE71PHJyNIncvWaGw1g6CbhMK-vSuYYhMazAEjGZkipnpIGpye5_nruqrzwXqzRRtopYdCjl5idINVkgoTH7M9-B6BGQxgNGv3gQPtWydas-blae7Z3OGlRyJs2nRHaVQ6v2hc6kf&source=gbs_api', '이재홍', '(주)도서출판길벗', 'U036NDVFN06', False, 5, '2022-08-12');
insert into books (id, title, thumbnail_url, author, publisher, owner_id, is_rented, rent_count, reg_date) values ('51', '아마존 웹 서비스를 다루는 기술', 'http://books.google.com/books/publisher/content?id=qIZvBQAAQBAJ&printsec=frontcover&img=1&zoom=1&edge=curl&imgtk=AFLRE71PHJyNIncvWaGw1g6CbhMK-vSuYYhMazAEjGZkipnpIGpye5_nruqrzwXqzRRtopYdCjl5idINVkgoTH7M9-B6BGQxgNGv3gQPtWydas-blae7Z3OGlRyJs2nRHaVQ6v2hc6kf&source=gbs_api', '이재홍', '(주)도서출판길벗', 'U0321PMKJEB', True, 6, '2022-08-12');
insert into books (id, title, thumbnail_url, author, publisher, owner_id, is_rented, rent_count, reg_date) values ('52', 'AWS CLI Command', 'http://books.google.com/books/publisher/content?id=4aFmDwAAQBAJ&printsec=frontcover&img=1&zoom=1&imgtk=AFLRE73zaLTwzd_owA7CF_207cyUtJyd-KBGRAuRfkCXCl7eUTMYqrfM9Iok-4xPwn0XIy2vpv0ahj-oICzvOIYZWs9G9RAON6LnDBpH9qEN-x8jDyIaLjm-i_aJ-qNU7Nm5UBOqQ-PF&source=gbs_api', 'RB ASHISH', null, 'U036T8VT49K', False, 7, '2022-08-12');
insert into books (id, title, thumbnail_url, author, publisher, owner_id, is_rented, rent_count, reg_date) values ('53', 'AWS CLI Command', 'http://books.google.com/books/publisher/content?id=4aFmDwAAQBAJ&printsec=frontcover&img=1&zoom=1&imgtk=AFLRE73zaLTwzd_owA7CF_207cyUtJyd-KBGRAuRfkCXCl7eUTMYqrfM9Iok-4xPwn0XIy2vpv0ahj-oICzvOIYZWs9G9RAON6LnDBpH9qEN-x8jDyIaLjm-i_aJ-qNU7Nm5UBOqQ-PF&source=gbs_api', 'RB ASHISH', null, 'U036VPHUVNE', True, 8, '2022-08-12');
insert into books (id, title, thumbnail_url, author, publisher, owner_id, is_rented, rent_count, reg_date) values ('54', 'AWS CLI Command', 'http://books.google.com/books/publisher/content?id=4aFmDwAAQBAJ&printsec=frontcover&img=1&zoom=1&imgtk=AFLRE73zaLTwzd_owA7CF_207cyUtJyd-KBGRAuRfkCXCl7eUTMYqrfM9Iok-4xPwn0XIy2vpv0ahj-oICzvOIYZWs9G9RAON6LnDBpH9qEN-x8jDyIaLjm-i_aJ-qNU7Nm5UBOqQ-PF&source=gbs_api', 'RB ASHISH', null, 'U032VGJDPJ6', False, 9, '2022-08-12');
insert into books (id, title, thumbnail_url, author, publisher, owner_id, is_rented, rent_count, reg_date) values ('94', 'AWS CLI Command', 'http://books.google.com/books/publisher/content?id=4aFmDwAAQBAJ&printsec=frontcover&img=1&zoom=1&imgtk=AFLRE73zaLTwzd_owA7CF_207cyUtJyd-KBGRAuRfkCXCl7eUTMYqrfM9Iok-4xPwn0XIy2vpv0ahj-oICzvOIYZWs9G9RAON6LnDBpH9qEN-x8jDyIaLjm-i_aJ-qNU7Nm5UBOqQ-PF&source=gbs_api', 'RB ASHISH', null, 'U03744CLY68', True, 10, '2022-08-12');
insert into books (id, title, thumbnail_url, author, publisher, owner_id, is_rented, rent_count, reg_date) values ('55', 'Linux Bible', 'http://books.google.com/books/content?id=gqXiuPySGg8C&printsec=frontcover&img=1&zoom=1&edge=curl&imgtk=AFLRE70gscCJLZWyuxku6hWCkiqNTMxLxhrHqB0vuFrtUoWCvGONdzq-M7m-ZUtOXrPmaaef0BcW1obAj3ZrsetpME4to8DLPRXUJapN05xUtukZTZqi58HQ2Ty3VRloMfMMR3LwpFqN&source=gbs_api', 'Christopher Negus', 'John Wiley & Sons', 'U037EG0NUSD', False, 1, '2022-08-12');
insert into books (id, title, thumbnail_url, author, publisher, owner_id, is_rented, rent_count, reg_date) values ('56', 'Linux Bible', 'http://books.google.com/books/content?id=gqXiuPySGg8C&printsec=frontcover&img=1&zoom=1&edge=curl&imgtk=AFLRE70gscCJLZWyuxku6hWCkiqNTMxLxhrHqB0vuFrtUoWCvGONdzq-M7m-ZUtOXrPmaaef0BcW1obAj3ZrsetpME4to8DLPRXUJapN05xUtukZTZqi58HQ2Ty3VRloMfMMR3LwpFqN&source=gbs_api', 'Christopher Negus', 'John Wiley & Sons', 'U036XD8T4R2', True, 2, '2022-08-12');
insert into books (id, title, thumbnail_url, author, publisher, owner_id, is_rented, rent_count, reg_date) values ('57', 'Linux Bible', 'http://books.google.com/books/content?id=gqXiuPySGg8C&printsec=frontcover&img=1&zoom=1&edge=curl&imgtk=AFLRE70gscCJLZWyuxku6hWCkiqNTMxLxhrHqB0vuFrtUoWCvGONdzq-M7m-ZUtOXrPmaaef0BcW1obAj3ZrsetpME4to8DLPRXUJapN05xUtukZTZqi58HQ2Ty3VRloMfMMR3LwpFqN&source=gbs_api', 'Christopher Negus', 'John Wiley & Sons', 'U03B9TEG9T8', False, 3, '2022-08-12');
insert into books (id, title, thumbnail_url, author, publisher, owner_id, is_rented, rent_count, reg_date) values ('58', 'Linux Bible', 'http://books.google.com/books/content?id=gqXiuPySGg8C&printsec=frontcover&img=1&zoom=1&edge=curl&imgtk=AFLRE70gscCJLZWyuxku6hWCkiqNTMxLxhrHqB0vuFrtUoWCvGONdzq-M7m-ZUtOXrPmaaef0BcW1obAj3ZrsetpME4to8DLPRXUJapN05xUtukZTZqi58HQ2Ty3VRloMfMMR3LwpFqN&source=gbs_api', 'Christopher Negus', 'John Wiley & Sons', 'U03BJBUS8CV', True, 4, '2022-08-12');
insert into books (id, title, thumbnail_url, author, publisher, owner_id, is_rented, rent_count, reg_date) values ('59', 'Linux Bible', 'http://books.google.com/books/content?id=gqXiuPySGg8C&printsec=frontcover&img=1&zoom=1&edge=curl&imgtk=AFLRE70gscCJLZWyuxku6hWCkiqNTMxLxhrHqB0vuFrtUoWCvGONdzq-M7m-ZUtOXrPmaaef0BcW1obAj3ZrsetpME4to8DLPRXUJapN05xUtukZTZqi58HQ2Ty3VRloMfMMR3LwpFqN&source=gbs_api', 'Christopher Negus', 'John Wiley & Sons', 'U037EG0PYN5', False, 5, '2022-08-12');
insert into books (id, title, thumbnail_url, author, publisher, owner_id, is_rented, rent_count, reg_date) values ('60', 'The Linux Programming Interface', 'http://books.google.com/books/publisher/content?id=2SAQAQAAQBAJ&printsec=frontcover&img=1&zoom=1&edge=curl&imgtk=AFLRE722UKrHXuH6BTvxok4JnXHNGr1KteFjubt8ctdOfoGnW2UuvY6Ze8wS7mcuWqxTSc7BgGvO2xHJq_kyc7aI5anD-EDrO3qfXo1HhjRLzuuG7KI0Rt0WcAmc1M_xsM-zbdEpD6f7&source=gbs_api%27}', 'Michael Kerrisk', 'No Starch Press', 'U036NDVDGNA', True, 6, '2022-08-12');
insert into books (id, title, thumbnail_url, author, publisher, owner_id, is_rented, rent_count, reg_date) values ('61', 'The Linux Programming Interface', 'http://books.google.com/books/publisher/content?id=2SAQAQAAQBAJ&printsec=frontcover&img=1&zoom=1&edge=curl&imgtk=AFLRE722UKrHXuH6BTvxok4JnXHNGr1KteFjubt8ctdOfoGnW2UuvY6Ze8wS7mcuWqxTSc7BgGvO2xHJq_kyc7aI5anD-EDrO3qfXo1HhjRLzuuG7KI0Rt0WcAmc1M_xsM-zbdEpD6f7&source=gbs_api%27}', 'Michael Kerrisk', 'No Starch Press', 'U036NDVFN06', False, 7, '2022-08-12');
insert into books (id, title, thumbnail_url, author, publisher, owner_id, is_rented, rent_count, reg_date) values ('62', 'The Linux Programming Interface', 'http://books.google.com/books/publisher/content?id=2SAQAQAAQBAJ&printsec=frontcover&img=1&zoom=1&edge=curl&imgtk=AFLRE722UKrHXuH6BTvxok4JnXHNGr1KteFjubt8ctdOfoGnW2UuvY6Ze8wS7mcuWqxTSc7BgGvO2xHJq_kyc7aI5anD-EDrO3qfXo1HhjRLzuuG7KI0Rt0WcAmc1M_xsM-zbdEpD6f7&source=gbs_api%27}', 'Michael Kerrisk', 'No Starch Press', 'U0321PMKJEB', True, 8, '2022-08-12');
insert into books (id, title, thumbnail_url, author, publisher, owner_id, is_rented, rent_count, reg_date) values ('63', 'The Linux Programming Interface', 'http://books.google.com/books/publisher/content?id=2SAQAQAAQBAJ&printsec=frontcover&img=1&zoom=1&edge=curl&imgtk=AFLRE722UKrHXuH6BTvxok4JnXHNGr1KteFjubt8ctdOfoGnW2UuvY6Ze8wS7mcuWqxTSc7BgGvO2xHJq_kyc7aI5anD-EDrO3qfXo1HhjRLzuuG7KI0Rt0WcAmc1M_xsM-zbdEpD6f7&source=gbs_api%27}', 'Michael Kerrisk', 'No Starch Press', 'U036T8VT49K', False, 9, '2022-08-12');
insert into books (id, title, thumbnail_url, author, publisher, owner_id, is_rented, rent_count, reg_date) values ('64', 'Ubuntu Linux Toolbox: 1000+ Commands for Power Users', 'http://books.google.com/books/publisher/content?id=5gilDwAAQBAJ&printsec=frontcover&img=1&zoom=1&edge=curl&imgtk=AFLRE721-DfPJULZulcSEEgLtEhWytoGA0O7LYrS_Np1n0RZwtNXm3ZUTolO_RqWjRcY3pqPuqtMILpwHLFrwWrATiZlpqGNSKBodKCctlQjA8SP8fqr396m2lx9tGVaZ-z-wcaSDQX5&source=gbs_api', 'Christopher Negus', 'John Wiley & Sons', 'U036VPHUVNE', True, 10, '2022-08-12');
insert into books (id, title, thumbnail_url, author, publisher, owner_id, is_rented, rent_count, reg_date) values ('65', 'Ubuntu Linux Toolbox: 1000+ Commands for Power Users', 'http://books.google.com/books/publisher/content?id=5gilDwAAQBAJ&printsec=frontcover&img=1&zoom=1&edge=curl&imgtk=AFLRE721-DfPJULZulcSEEgLtEhWytoGA0O7LYrS_Np1n0RZwtNXm3ZUTolO_RqWjRcY3pqPuqtMILpwHLFrwWrATiZlpqGNSKBodKCctlQjA8SP8fqr396m2lx9tGVaZ-z-wcaSDQX5&source=gbs_api', 'Christopher Negus', 'John Wiley & Sons', 'U032VGJDPJ6', False, 1, '2022-08-12');
insert into books (id, title, thumbnail_url, author, publisher, owner_id, is_rented, rent_count, reg_date) values ('66', 'Ubuntu Linux Toolbox: 1000+ Commands for Power Users', 'http://books.google.com/books/publisher/content?id=5gilDwAAQBAJ&printsec=frontcover&img=1&zoom=1&edge=curl&imgtk=AFLRE721-DfPJULZulcSEEgLtEhWytoGA0O7LYrS_Np1n0RZwtNXm3ZUTolO_RqWjRcY3pqPuqtMILpwHLFrwWrATiZlpqGNSKBodKCctlQjA8SP8fqr396m2lx9tGVaZ-z-wcaSDQX5&source=gbs_api', 'Christopher Negus', 'John Wiley & Sons', 'U03744CLY68', True, 2, '2022-08-12');
insert into books (id, title, thumbnail_url, author, publisher, owner_id, is_rented, rent_count, reg_date) values ('67', 'DevOps For Dummies', 'http://books.google.com/books/publisher/content?id=QNShDwAAQBAJ&printsec=frontcover&img=1&zoom=1&edge=curl&imgtk=AFLRE71_yBbXV76Jq15SUX6Zt8fJw9iis2WHFDGGjJ9Yqk2dBVhQRmMcC2QT22UzE0foWfLENOaywmfGgarWeJ4HFV-5nF8IkrZOZbYQijCugsURE7k7I9gNnKAXiyn9k2miAdjlRGy-&source=gbs_api', 'Emily Freeman', 'John Wiley & Sons', 'U037EG0NUSD', False, 3, '2022-08-12');
insert into books (id, title, thumbnail_url, author, publisher, owner_id, is_rented, rent_count, reg_date) values ('68', 'DevOps For Dummies', 'http://books.google.com/books/publisher/content?id=QNShDwAAQBAJ&printsec=frontcover&img=1&zoom=1&edge=curl&imgtk=AFLRE71_yBbXV76Jq15SUX6Zt8fJw9iis2WHFDGGjJ9Yqk2dBVhQRmMcC2QT22UzE0foWfLENOaywmfGgarWeJ4HFV-5nF8IkrZOZbYQijCugsURE7k7I9gNnKAXiyn9k2miAdjlRGy-&source=gbs_api', 'Emily Freeman', 'John Wiley & Sons', 'U036XD8T4R2', True, 4, '2022-08-12');
insert into books (id, title, thumbnail_url, author, publisher, owner_id, is_rented, rent_count, reg_date) values ('69', 'DevOps For Dummies', 'http://books.google.com/books/publisher/content?id=QNShDwAAQBAJ&printsec=frontcover&img=1&zoom=1&edge=curl&imgtk=AFLRE71_yBbXV76Jq15SUX6Zt8fJw9iis2WHFDGGjJ9Yqk2dBVhQRmMcC2QT22UzE0foWfLENOaywmfGgarWeJ4HFV-5nF8IkrZOZbYQijCugsURE7k7I9gNnKAXiyn9k2miAdjlRGy-&source=gbs_api', 'Emily Freeman', 'John Wiley & Sons', 'U03B9TEG9T8', False, 5, '2022-08-12');
insert into books (id, title, thumbnail_url, author, publisher, owner_id, is_rented, rent_count, reg_date) values ('70', 'Effective DevOps', 'http://books.google.com/books/publisher/content?id=6e5FDAAAQBAJ&printsec=frontcover&img=1&zoom=1&edge=curl&imgtk=AFLRE73jK0jHocq13_0H1qUs4XUKtwW5Wr0f2h-lLLjjrUOOFAGdwVoeHaz7ggD8tCvxYyQ-kroQEsugUak5DhCs-PSCqn3KOqHgh569AtOXWJ-0S89ZUB8LtNGxRo-4wu1LfLs0KSTc&source=gbs_api', 'Jennifer Davis', 'O''Reilly Media, Inc.', 'U03BJBUS8CV', True, 6, '2022-08-12');
insert into books (id, title, thumbnail_url, author, publisher, owner_id, is_rented, rent_count, reg_date) values ('71', 'Effective DevOps', 'http://books.google.com/books/publisher/content?id=6e5FDAAAQBAJ&printsec=frontcover&img=1&zoom=1&edge=curl&imgtk=AFLRE73jK0jHocq13_0H1qUs4XUKtwW5Wr0f2h-lLLjjrUOOFAGdwVoeHaz7ggD8tCvxYyQ-kroQEsugUak5DhCs-PSCqn3KOqHgh569AtOXWJ-0S89ZUB8LtNGxRo-4wu1LfLs0KSTc&source=gbs_api', 'Jennifer Davis', 'O''Reilly Media, Inc.', 'U037EG0PYN5', False, 7, '2022-08-12');
insert into books (id, title, thumbnail_url, author, publisher, owner_id, is_rented, rent_count, reg_date) values ('72', 'Effective DevOps', 'http://books.google.com/books/publisher/content?id=6e5FDAAAQBAJ&printsec=frontcover&img=1&zoom=1&edge=curl&imgtk=AFLRE73jK0jHocq13_0H1qUs4XUKtwW5Wr0f2h-lLLjjrUOOFAGdwVoeHaz7ggD8tCvxYyQ-kroQEsugUak5DhCs-PSCqn3KOqHgh569AtOXWJ-0S89ZUB8LtNGxRo-4wu1LfLs0KSTc&source=gbs_api', 'Jennifer Davis', 'O''Reilly Media, Inc.', 'U036NDVDGNA', True, 8, '2022-08-12');
insert into books (id, title, thumbnail_url, author, publisher, owner_id, is_rented, rent_count, reg_date) values ('73', 'Effective DevOps', 'http://books.google.com/books/publisher/content?id=6e5FDAAAQBAJ&printsec=frontcover&img=1&zoom=1&edge=curl&imgtk=AFLRE73jK0jHocq13_0H1qUs4XUKtwW5Wr0f2h-lLLjjrUOOFAGdwVoeHaz7ggD8tCvxYyQ-kroQEsugUak5DhCs-PSCqn3KOqHgh569AtOXWJ-0S89ZUB8LtNGxRo-4wu1LfLs0KSTc&source=gbs_api', 'Jennifer Davis', 'O''Reilly Media, Inc.', 'U036NDVFN06', False, 9, '2022-08-12');
insert into books (id, title, thumbnail_url, author, publisher, owner_id, is_rented, rent_count, reg_date) values ('74', 'The DevOps Handbook', 'http://books.google.com/books/publisher/content?id=8kRDEAAAQBAJ&printsec=frontcover&img=1&zoom=1&edge=curl&imgtk=AFLRE72rc1Ygf-TXazsuCiTO_rs5HiVcYR7S96aR4HCK48_0MJ3LOzuS4AcVCjm1kLV8OIwetB76nVjA8Qy1_atWH_0snJ3wIBHDpKp8oIMl642A-NMz-4URW69CtDIM-wk6UQ1-pDUY&source=gbs_api', 'Gene Kim', 'IT Revolution', 'U0321PMKJEB', True, 10, '2022-08-12');
insert into books (id, title, thumbnail_url, author, publisher, owner_id, is_rented, rent_count, reg_date) values ('75', 'The DevOps Handbook', 'http://books.google.com/books/publisher/content?id=8kRDEAAAQBAJ&printsec=frontcover&img=1&zoom=1&edge=curl&imgtk=AFLRE72rc1Ygf-TXazsuCiTO_rs5HiVcYR7S96aR4HCK48_0MJ3LOzuS4AcVCjm1kLV8OIwetB76nVjA8Qy1_atWH_0snJ3wIBHDpKp8oIMl642A-NMz-4URW69CtDIM-wk6UQ1-pDUY&source=gbs_api', 'Gene Kim', 'IT Revolution', 'U036T8VT49K', False, 1, '2022-08-12');
insert into books (id, title, thumbnail_url, author, publisher, owner_id, is_rented, rent_count, reg_date) values ('76', 'The DevOps Handbook', 'http://books.google.com/books/publisher/content?id=8kRDEAAAQBAJ&printsec=frontcover&img=1&zoom=1&edge=curl&imgtk=AFLRE72rc1Ygf-TXazsuCiTO_rs5HiVcYR7S96aR4HCK48_0MJ3LOzuS4AcVCjm1kLV8OIwetB76nVjA8Qy1_atWH_0snJ3wIBHDpKp8oIMl642A-NMz-4URW69CtDIM-wk6UQ1-pDUY&source=gbs_api', 'Gene Kim', 'IT Revolution', 'U036VPHUVNE', True, 2, '2022-08-12');
insert into books (id, title, thumbnail_url, author, publisher, owner_id, is_rented, rent_count, reg_date) values ('77', 'The DevOps Handbook', 'http://books.google.com/books/publisher/content?id=8kRDEAAAQBAJ&printsec=frontcover&img=1&zoom=1&edge=curl&imgtk=AFLRE72rc1Ygf-TXazsuCiTO_rs5HiVcYR7S96aR4HCK48_0MJ3LOzuS4AcVCjm1kLV8OIwetB76nVjA8Qy1_atWH_0snJ3wIBHDpKp8oIMl642A-NMz-4URW69CtDIM-wk6UQ1-pDUY&source=gbs_api', 'Gene Kim', 'IT Revolution', 'U032VGJDPJ6', False, 3, '2022-08-12');
insert into books (id, title, thumbnail_url, author, publisher, owner_id, is_rented, rent_count, reg_date) values ('78', 'The DevOps Handbook', 'http://books.google.com/books/publisher/content?id=8kRDEAAAQBAJ&printsec=frontcover&img=1&zoom=1&edge=curl&imgtk=AFLRE72rc1Ygf-TXazsuCiTO_rs5HiVcYR7S96aR4HCK48_0MJ3LOzuS4AcVCjm1kLV8OIwetB76nVjA8Qy1_atWH_0snJ3wIBHDpKp8oIMl642A-NMz-4URW69CtDIM-wk6UQ1-pDUY&source=gbs_api', 'Gene Kim', 'IT Revolution', 'U03744CLY68', True, 4, '2022-08-12');
insert into books (id, title, thumbnail_url, author, publisher, owner_id, is_rented, rent_count, reg_date) values ('79', 'DevOps for Developers', 'http://books.google.com/books/content?id=b2krzQEACAAJ&printsec=frontcover&img=1&zoom=1&imgtk=AFLRE72kBcVPIcfGmp2KycOs9unBybW2Fd9z2LCrlSQPoFUyU-JKTG4C9C2xyovDBreeBxaitSrdNVGCgwGT6-8PvzbYqQykz90ONsMAsicD52QkCLwROa1wgIz-KF-botCkmVWSyS58&source=gbs_api%27}', 'Michael Hüttermann', 'Apress', 'U037EG0NUSD', False, 5, '2022-08-12');
insert into books (id, title, thumbnail_url, author, publisher, owner_id, is_rented, rent_count, reg_date) values ('80', 'DevOps for Developers', 'http://books.google.com/books/content?id=b2krzQEACAAJ&printsec=frontcover&img=1&zoom=1&imgtk=AFLRE72kBcVPIcfGmp2KycOs9unBybW2Fd9z2LCrlSQPoFUyU-JKTG4C9C2xyovDBreeBxaitSrdNVGCgwGT6-8PvzbYqQykz90ONsMAsicD52QkCLwROa1wgIz-KF-botCkmVWSyS58&source=gbs_api%27}', 'Michael Hüttermann', 'Apress', 'U036XD8T4R2', True, 6, '2022-08-12');
insert into books (id, title, thumbnail_url, author, publisher, owner_id, is_rented, rent_count, reg_date) values ('81', 'DevOps for Developers', 'http://books.google.com/books/content?id=b2krzQEACAAJ&printsec=frontcover&img=1&zoom=1&imgtk=AFLRE72kBcVPIcfGmp2KycOs9unBybW2Fd9z2LCrlSQPoFUyU-JKTG4C9C2xyovDBreeBxaitSrdNVGCgwGT6-8PvzbYqQykz90ONsMAsicD52QkCLwROa1wgIz-KF-botCkmVWSyS58&source=gbs_api%27}', 'Michael Hüttermann', 'Apress', 'U03B9TEG9T8', False, 7, '2022-08-12');
insert into books (id, title, thumbnail_url, author, publisher, owner_id, is_rented, rent_count, reg_date) values ('82', 'DevOps for Developers', 'http://books.google.com/books/content?id=b2krzQEACAAJ&printsec=frontcover&img=1&zoom=1&imgtk=AFLRE72kBcVPIcfGmp2KycOs9unBybW2Fd9z2LCrlSQPoFUyU-JKTG4C9C2xyovDBreeBxaitSrdNVGCgwGT6-8PvzbYqQykz90ONsMAsicD52QkCLwROa1wgIz-KF-botCkmVWSyS58&source=gbs_api%27}', 'Michael Hüttermann', 'Apress', 'U03BJBUS8CV', True, 8, '2022-08-12');
insert into books (id, title, thumbnail_url, author, publisher, owner_id, is_rented, rent_count, reg_date) values ('83', 'DevOps for Developers', 'http://books.google.com/books/content?id=b2krzQEACAAJ&printsec=frontcover&img=1&zoom=1&imgtk=AFLRE72kBcVPIcfGmp2KycOs9unBybW2Fd9z2LCrlSQPoFUyU-JKTG4C9C2xyovDBreeBxaitSrdNVGCgwGT6-8PvzbYqQykz90ONsMAsicD52QkCLwROa1wgIz-KF-botCkmVWSyS58&source=gbs_api%27}', 'Michael Hüttermann', 'Apress', 'U037EG0PYN5', False, 9, '2022-08-12');
insert into books (id, title, thumbnail_url, author, publisher, owner_id, is_rented, rent_count, reg_date) values ('84', 'Serverless Architectures on AWS', 'http://books.google.com/books/publisher/content?id=ZDszEAAAQBAJ&printsec=frontcover&img=1&zoom=1&edge=curl&imgtk=AFLRE72jGJoC1az2Vcm9IinPT54Tpaj4zkiBhs44PbsgMqxKId3vxcvNTQkCzK3UtWjYMWoUUXBWDFNsl_i7EZ2kuCu4vn7xWm2vtC6u4NPLsRxp_i1N15qKj_TiIhJupM4SgkVm1kMH&source=gbs_api', 'Peter Sbarski', 'Simon and Schuster', 'U036NDVDGNA', True, 10, '2022-08-12');
insert into books (id, title, thumbnail_url, author, publisher, owner_id, is_rented, rent_count, reg_date) values ('85', 'Serverless Architectures on AWS', 'http://books.google.com/books/publisher/content?id=ZDszEAAAQBAJ&printsec=frontcover&img=1&zoom=1&edge=curl&imgtk=AFLRE72jGJoC1az2Vcm9IinPT54Tpaj4zkiBhs44PbsgMqxKId3vxcvNTQkCzK3UtWjYMWoUUXBWDFNsl_i7EZ2kuCu4vn7xWm2vtC6u4NPLsRxp_i1N15qKj_TiIhJupM4SgkVm1kMH&source=gbs_api', 'Peter Sbarski', 'Simon and Schuster', 'U036NDVFN06', False, 1, '2022-08-12');
insert into books (id, title, thumbnail_url, author, publisher, owner_id, is_rented, rent_count, reg_date) values ('86', 'Serverless Architectures on AWS', 'http://books.google.com/books/publisher/content?id=ZDszEAAAQBAJ&printsec=frontcover&img=1&zoom=1&edge=curl&imgtk=AFLRE72jGJoC1az2Vcm9IinPT54Tpaj4zkiBhs44PbsgMqxKId3vxcvNTQkCzK3UtWjYMWoUUXBWDFNsl_i7EZ2kuCu4vn7xWm2vtC6u4NPLsRxp_i1N15qKj_TiIhJupM4SgkVm1kMH&source=gbs_api', 'Peter Sbarski', 'Simon and Schuster', 'U0321PMKJEB', True, 2, '2022-08-12');
insert into books (id, title, thumbnail_url, author, publisher, owner_id, is_rented, rent_count, reg_date) values ('87', 'Serverless Architectures on AWS', 'http://books.google.com/books/publisher/content?id=ZDszEAAAQBAJ&printsec=frontcover&img=1&zoom=1&edge=curl&imgtk=AFLRE72jGJoC1az2Vcm9IinPT54Tpaj4zkiBhs44PbsgMqxKId3vxcvNTQkCzK3UtWjYMWoUUXBWDFNsl_i7EZ2kuCu4vn7xWm2vtC6u4NPLsRxp_i1N15qKj_TiIhJupM4SgkVm1kMH&source=gbs_api', 'Peter Sbarski', 'Simon and Schuster', 'U036T8VT49K', False, 3, '2022-08-12');
insert into books (id, title, thumbnail_url, author, publisher, owner_id, is_rented, rent_count, reg_date) values ('88', 'Serverless Architectures on AWS', 'http://books.google.com/books/publisher/content?id=ZDszEAAAQBAJ&printsec=frontcover&img=1&zoom=1&edge=curl&imgtk=AFLRE72jGJoC1az2Vcm9IinPT54Tpaj4zkiBhs44PbsgMqxKId3vxcvNTQkCzK3UtWjYMWoUUXBWDFNsl_i7EZ2kuCu4vn7xWm2vtC6u4NPLsRxp_i1N15qKj_TiIhJupM4SgkVm1kMH&source=gbs_api', 'Peter Sbarski', 'Simon and Schuster', 'U036VPHUVNE', True, 4, '2022-08-12');
insert into books (id, title, thumbnail_url, author, publisher, owner_id, is_rented, rent_count, reg_date) values ('89', 'Mastering AWS CloudFormation', 'http://books.google.com/books/publisher/content?id=vWLjDwAAQBAJ&printsec=frontcover&img=1&zoom=1&edge=curl&imgtk=AFLRE72eeHMKTi3NgVd2ZHcVhNJAFWgPsYniL6NRSmykpMUj_u1fDt5boo2EJL3h5COT8vo5W0W59Z0liXaCQPHtWFsBj77ESJtwZlCtosP_aCQlmNpAi3tT3gDOHSeel_bR-N5hqWS_&source=gbs_api', 'Karen Tovmasyan', 'Packt Publishing Ltd', 'U032VGJDPJ6', False, 5, '2022-08-12');
insert into books (id, title, thumbnail_url, author, publisher, owner_id, is_rented, rent_count, reg_date) values ('90', 'Mastering AWS CloudFormation', 'http://books.google.com/books/publisher/content?id=vWLjDwAAQBAJ&printsec=frontcover&img=1&zoom=1&edge=curl&imgtk=AFLRE72eeHMKTi3NgVd2ZHcVhNJAFWgPsYniL6NRSmykpMUj_u1fDt5boo2EJL3h5COT8vo5W0W59Z0liXaCQPHtWFsBj77ESJtwZlCtosP_aCQlmNpAi3tT3gDOHSeel_bR-N5hqWS_&source=gbs_api', 'Karen Tovmasyan', 'Packt Publishing Ltd', 'U03744CLY68', True, 6, '2022-08-12');
insert into books (id, title, thumbnail_url, author, publisher, owner_id, is_rented, rent_count, reg_date) values ('91', 'Mastering AWS CloudFormation', 'http://books.google.com/books/publisher/content?id=vWLjDwAAQBAJ&printsec=frontcover&img=1&zoom=1&edge=curl&imgtk=AFLRE72eeHMKTi3NgVd2ZHcVhNJAFWgPsYniL6NRSmykpMUj_u1fDt5boo2EJL3h5COT8vo5W0W59Z0liXaCQPHtWFsBj77ESJtwZlCtosP_aCQlmNpAi3tT3gDOHSeel_bR-N5hqWS_&source=gbs_api', 'Karen Tovmasyan', 'Packt Publishing Ltd', 'U037EG0NUSD', False, 7, '2022-08-12');
insert into books (id, title, thumbnail_url, author, publisher, owner_id, is_rented, rent_count, reg_date) values ('92', 'Mastering AWS CloudFormation', 'http://books.google.com/books/publisher/content?id=vWLjDwAAQBAJ&printsec=frontcover&img=1&zoom=1&edge=curl&imgtk=AFLRE72eeHMKTi3NgVd2ZHcVhNJAFWgPsYniL6NRSmykpMUj_u1fDt5boo2EJL3h5COT8vo5W0W59Z0liXaCQPHtWFsBj77ESJtwZlCtosP_aCQlmNpAi3tT3gDOHSeel_bR-N5hqWS_&source=gbs_api', 'Karen Tovmasyan', 'Packt Publishing Ltd', 'U036XD8T4R2', True, 8, '2022-08-12');
insert into books (id, title, thumbnail_url, author, publisher, owner_id, is_rented, rent_count, reg_date) values ('93', 'Spring: Microservices with Spring Boot', 'http://books.google.com/books/publisher/content?id=NZRRDwAAQBAJ&printsec=frontcover&img=1&zoom=1&edge=curl&imgtk=AFLRE72WIB5pWx2xlOrrGLe_msQOxft4EeFheGHMTBEFiUFNe0EtNqKco68oofqFDHYndn_lgEawuzurr4gn_kwvk-eUIZXBPxaEA-Z-5gRRZRd44tbUUCTMhkydlTyQel_9Y9MgZ_iA&source=gbs_api%27}', 'Ranga Rao Karanam', 'Packt Publishing Ltd', 'U03B9TEG9T8', False, 9, '2022-08-12');


insert into rentals (id, member_id, book_id, channel_id, is_return, start_date, end_date) values ('1','U03B9TEG9T8', '1', 'C03TMEP9F2P',false, '2022-08-12', '2022-08-12');
-- insert into rentals (id, member_id, book_id, channel_id, start_date, end_date) values ('2','U03B9TEG9T8', '2', 'C03TMEP9F2P', '2022-08-12', '2022-08-12');
-- insert into rentals (id, member_id, book_id, channel_id, start_date, end_date) values ('3','U03B9TEG9T8', '3', 'C03TMEP9F2P', '2022-08-12', '2022-08-12');
-- insert into rentals (id, member_id, book_id, channel_id, start_date, end_date) values ('4','U03B9TEG9T8', '4', 'C03TMEP9F2P', '2022-08-12', '2022-08-12');
-- insert into rentals (id, member_id, book_id, owner_id, start_date, end_date) values ('5','5', '5', '8', '2022-08-12', null);
-- insert into rentals (id, member_id, book_id, owner_id, start_date, end_date) values ('6','6', '6', '7', '2022-08-12', null);
-- insert into rentals (id, member_id, book_id, owner_id, start_date, end_date) values ('7','7', '7', '6', '2022-08-12', null);
-- insert into rentals (id, member_id, book_id, owner_id, start_date, end_date) values ('8','8', '8', '5', '2022-08-12', null);
-- insert into rentals (id, member_id, book_id, owner_id, start_date, end_date) values ('9','9', '9', '4', '2022-08-12', null);
-- insert into rentals (id, member_id, book_id, owner_id, start_date, end_date) values ('10','10', '10', '3', '2022-08-12', null);
-- insert into rentals (id, member_id, book_id, owner_id, start_date, end_date) values ('11','11', '11', '2', '2022-08-12', null);
-- insert into rentals (id, member_id, book_id, owner_id, start_date, end_date) values ('12','12', '12', '1', '2022-08-12', null);


-- http://localhost:5000/swagger-ui/#/