

insert into members (id, member_id, member_name, member_email, member_team_name, member_location, member_slack_id) values ('1', '1', '진보은', 'boeunjin@lguplus.co.kr', '클라우드아키텍처팀', '마곡사옥/8층', 'aaa');
insert into members (id, member_id, member_name, member_email, member_team_name, member_location, member_slack_id) values ('2', '2', '이찬규', 'changyulee@lguplus.co.kr', '클라우드아키텍처팀', '마곡사옥/8층', 'bbb');
insert into members (id, member_id, member_name, member_email, member_team_name, member_location, member_slack_id) values ('3', '3', '이대영', 'deayounglee@lguplus.co.kr', '클라우드CoE팀', '마곡사옥/8층', 'ccc');
insert into members (id, member_id, member_name, member_email, member_team_name, member_location, member_slack_id) values ('4', '4', '양지원', 'jiwonyang@lguplus.co.kr', '클라우드솔루션엔지니어링팀', '마곡사옥/8층', 'ddd');
insert into members (id, member_id, member_name, member_email, member_team_name, member_location, member_slack_id) values ('5', '5', '이지훈', 'jihoonlee@lguplus.co.kr', '클라우드플랫폼엔지니어링팀', '마곡사옥/8층', 'eee');
insert into members (id, member_id, member_name, member_email, member_team_name, member_location, member_slack_id) values ('6', '6','오혜영', 'eongoh@lguplus.co.kr', 'IPTV서비스개발1팀', '역삼 메가존', 'U037EG0PYN5');
insert into members (id, member_id, member_name, member_email, member_team_name, member_location, member_slack_id) values ('7', '7','한서영', 'syhan622@lguplus.co.kr', '서비스프로토타입팀', '마곡사옥/8층', 'U036NDVDGNA');
insert into members (id, member_id, member_name, member_email, member_team_name, member_location, member_slack_id) values ('8','8','정산하', 'sanha9723@lguplus.co.kr', '서비스프로토타입팀', '마곡사옥/8층', 'U036NDVFN06');
insert into members (id, member_id, member_name, member_email, member_team_name, member_location, member_slack_id) values ('9', '9','송제호', 'oidwin@lguplus.co.kr', '클라우드플랫폼엔지니어링팀', '마곡사옥/8층', 'U0321PMKJEB');
insert into members (id, member_id, member_name, member_email, member_team_name, member_location, member_slack_id) values ('10', '10','김욱휘', 'etti10@lguplus.co.kr', 'IPTV서비스개발2팀', '역삼 메가존', 'U036T8VT49K');
insert into members (id, member_id, member_name, member_email, member_team_name, member_location, member_slack_id) values ('11','11','현병욱', 'mornadina@lguplus.co.kr', 'IPTV서비스개발2팀', '역삼 메가존', 'U036VPHUVNE');
insert into members (id, member_id, member_name, member_email, member_team_name, member_location, member_slack_id) values ('12', '12','조정인', 'jojungin@lguplus.co.kr', '클라우드아키텍처팀', '마곡사옥/8층', 'U032VGJDPJ6');

insert into books (id, title, thumbnail_url, author, publisher, owner_id, is_rented, rent_count, reg_date) values ('1', 'Python for DevOps', 'http://books.google.com/books/content?id=qGaixgEACAAJ&printsec=frontcover&img=1&zoom=1&imgtk=AFLRE72wgGP0fn2OF6PIZ_i19yAnBVwY9qng5VgjNzSoLUgpVjWKNQFnEE7dvzU0-0vbefa3LVL4HhhedTFeNDxiMdwurxagzl9qZn5CKItIZBVSQk1fK_5V_Rg9CuwOlLmCXcU1saEz&source=gbs_api', 'Noah Gift', 'O''Reilly Media', '1', False, 0, '2022-08-12');
insert into books (id, title, thumbnail_url, author, publisher, owner_id, is_rented, rent_count, reg_date) values ('2', 'Do it! BERT와 GPT로 배우는 자연어 처리', 'http://books.google.com/books/publisher/content?id=1W9UEAAAQBAJ&printsec=frontcover&img=1&zoom=1&edge=curl&imgtk=AFLRE70RD75ensoBM9rDusxszvPXY1N-24qrwlMn0rf2MWDMKmsO7z5Q9qMk3qhxMfLRA6btTNR2WV8Ube1MyMzEmymUvuiHtlAcGz5slwQl_pyc1gdjM86zhrGnJLi5N4iXfeFtxdI0&source=gbs_api', '이기창', '이지스퍼블리싱 ㈜', '2', False, 0, '2022-08-12');
insert into books (id, title, thumbnail_url, author, publisher, owner_id, is_rented, rent_count, reg_date) values ('3', '생활코딩! 리액트 프로그래밍', 'http://books.google.com/books/publisher/content?id=Lw1sEAAAQBAJ&printsec=frontcover&img=1&zoom=1&edge=curl&imgtk=AFLRE71Uhq1Ub6HIBhiW9m3UjUvLVHxJwS0fz4JlqfJYn8vUssDTi9DVitPf2xO9N3G27Yv-NZ2lQzcxm20HI-XUGlS9WeluLYSHW1hg0FAaBmU60gnVMXdIW2rC2YVOTNsAtpX33jgz&source=gbs_api', '이고잉', '위키북스', '3', False, 0, '2022-08-12');
insert into books (id, title, thumbnail_url, author, publisher, owner_id, is_rented, rent_count, reg_date) values ('4', 'AWS Lambda로 시작하는 서버리스(서버리스 아키텍처 입문을 위한)', null, '김민준', '비제이퍼블릭', '4', False, 0, '2022-08-12');
insert into books (id, title, thumbnail_url, author, publisher, owner_id, is_rented, rent_count, reg_date) values ('5', 'Hands-On Machine Learning with Scikit-Learn, Keras, and TensorFlow', 'http://books.google.com/books/publisher/content?id=HnetDwAAQBAJ&printsec=frontcover&img=1&zoom=1&edge=curl&imgtk=AFLRE72LBuN8IIYIvUKqmCcawyr--RlP00bEvIR7Bds5bbOGnL0Vhahm8YrFYudxA9Xaj8pJ5lep74KRNYgS-kaBMi7GoeyIfVDuqJfY0ChZpYlHlAX3yh25cQZHcc9-jmhTGA9dFbOX&source=gbs_api', 'Aurélien Géron', 'O''Reilly Media, Inc.', '5', False, 0, '2022-08-12');
insert into books (id, title, thumbnail_url, author, publisher, owner_id, is_rented, rent_count, reg_date) values ('6', '테라폼 업앤러닝', null, '예브게니브릭만', '루비페이퍼', '6', False, 0, '2022-08-12');
insert into books (id, title, thumbnail_url, author, publisher, owner_id, is_rented, rent_count, reg_date) values ('7', 'Practical AI on the Google Cloud Platform', 'http://books.google.com/books/content?id=nP5VzQEACAAJ&printsec=frontcover&img=1&zoom=1&imgtk=AFLRE72uLejPogFyb2vO1VTYzdrOdyMeVoAFBz5o2q4qsiHhZB-hpoPckkdGsqlWm8HAzHCvV-fe4iWAJtLSayAslnTOm4bLjPaXf_ybpeoE8Ql_R0vm7fyn9D1E5mgh7ChAx9VJAiyh&source=gbs_api', 'Micheal Lanham', 'O''Reilly Media, Incorporated', '7', False, 0, '2022-08-12');
insert into books (id, title, thumbnail_url, author, publisher, owner_id, is_rented, rent_count, reg_date) values ('8', '파이토치로 배우는 자연어 처리', null, '델립라오', '한빛미디어', '8', False, 0, '2022-08-12');
insert into books (id, title, thumbnail_url, author, publisher, owner_id, is_rented, rent_count, reg_date) values ('9', 'AWS Lambda로 시작하는 서버리스(서버리스 아키텍처 입문을 위한)', null, '김민준', '비제이퍼블릭', '9', False, 0, '2022-08-12');
insert into books (id, title, thumbnail_url, author, publisher, owner_id, is_rented, rent_count, reg_date) values ('10', '파이썬으로 만드는 서버리스 애플리케이션', null, '잘렘라지로히트', '에이콘출판', '10', False, 0, '2022-08-12');
insert into books (id, title, thumbnail_url, author, publisher, owner_id, is_rented, rent_count, reg_date) values ('11', 'SQL로 시작하는 데이터 분석', 'http://books.google.com/books/publisher/content?id=NXmAEAAAQBAJ&printsec=frontcover&img=1&zoom=1&edge=curl&imgtk=AFLRE70IMlgJx-Mln5rFYvZTm6DrATVB5YjKe95idWn7vtc3qHTI4hsZy3uYYDxN1KY6YyVlH7M8nz2WKKzihViee0qCuEkVmz-IqRHMTO6X2URFkFqNjI1L8UT_oL_WbQ868C7K7r3j&source=gbs_api', '캐시 타니무라', '한빛미디어', '11', False, 0, '2022-08-12');
insert into books (id, title, thumbnail_url, author, publisher, owner_id, is_rented, rent_count, reg_date) values ('12', '고객을 끌어오는 구글 애널리틱스4', 'http://books.google.com/books/publisher/content?id=bnRkEAAAQBAJ&printsec=frontcover&img=1&zoom=1&edge=curl&imgtk=AFLRE727EdO_oIBgYZdR7PXMBj2o67j1e0LkQAxF29PBafFzxFUeYnnj4wUdA5ipXnKRFzvHFtL4kXMCNA0KvZlwwznSGebfDFQBzgcAxQ2AjPGl5sLbLwZwZiOYGsHUt1Jtlmjys8Km&source=gbs_api', '문준영', '한빛미디어', '12', False, 0, '2022-08-12');

insert into rentals (id, member_id, book_id, owner_id, start_date, end_date) values ('1','1', '1', '12', '2022-08-12', null);
insert into rentals (id, member_id, book_id, owner_id, start_date, end_date) values ('2','2', '2', '11', '2022-08-12', null);
insert into rentals (id, member_id, book_id, owner_id, start_date, end_date) values ('3','3', '3', '10', '2022-08-12', null);
insert into rentals (id, member_id, book_id, owner_id, start_date, end_date) values ('4','4', '4', '9', '2022-08-12', null);
insert into rentals (id, member_id, book_id, owner_id, start_date, end_date) values ('5','5', '5', '8', '2022-08-12', null);
insert into rentals (id, member_id, book_id, owner_id, start_date, end_date) values ('6','6', '6', '7', '2022-08-12', null);
insert into rentals (id, member_id, book_id, owner_id, start_date, end_date) values ('7','7', '7', '6', '2022-08-12', null);
insert into rentals (id, member_id, book_id, owner_id, start_date, end_date) values ('8','8', '8', '5', '2022-08-12', null);
insert into rentals (id, member_id, book_id, owner_id, start_date, end_date) values ('9','9', '9', '4', '2022-08-12', null);
insert into rentals (id, member_id, book_id, owner_id, start_date, end_date) values ('10','10', '10', '3', '2022-08-12', null);
insert into rentals (id, member_id, book_id, owner_id, start_date, end_date) values ('11','11', '11', '2', '2022-08-12', null);
insert into rentals (id, member_id, book_id, owner_id, start_date, end_date) values ('12','12', '12', '1', '2022-08-12', null);

